{
  "_generated": "Generated by SweetTooth, do not edit",
  "description": "Shutdown the device after a specific time.\n\nMaximum timer value und slider position can be modified in the settings.",
  "gettext-domain": "ShutdownTimer",
  "name": "ShutdownTimer",
  "settings-schema": "org.gnome.shell.extensions.shutdowntimer-neumann",
  "shell-version": [
    "3.10",
    "3.12",
    "3.14",
    "3.16",
    "3.18",
    "3.20",
    "3.34",
    "3.32",
    "3.36"
  ],
  "url": "https://github.com/neumann-d/ShutdownTimer",
  "uuid": "ShutdownTimer@neumann",
  "version": 27
}