{
  "_generated": "Generated by SweetTooth, do not edit", 
  "description": "Add minimize, maximize and close buttons to the panel. Originally by Josiah Messiah, maintained by m.c, then danielkza. See homepage for instructions.\n\nPlease report issues on Github where it's easier to keep track of them. https://github.com/danielkza/Gnome-Shell-Window-Buttons-Extension/issues\n\n[IMPORTANT] Ubuntu-GNOME users: if you try to install the extension and it fails (it is automatically set to OFF right after installing), then you need to install a system package *before* attempting to install again. Run:\n\nsudo apt-get install gir1.2-gconf-2.0\n\nThen the install button should work correctly, as should updates in the future.", 
  "dev-version": "2.8", 
  "name": "Window Buttons", 
  "settings-schema": "org.gnome.shell.extensions.window-buttons", 
  "shell-version": [
    "3.18", 
    "3.20"
  ], 
  "url": "https://github.com/danielkza/Gnome-Shell-Window-Buttons-Extension", 
  "uuid": "window_buttons@biox.github.com", 
  "version": 15
}