{
  "_generated": "Generated by SweetTooth, do not edit",
  "description": "An Application Menu for GNOME  \n\n*Supports GNOME shell 3.36 and 3.38*\nFor older GNOME shell versions go to: https://extensions.gnome.org/extension/1228/arc-menu/\n\nYou must have the following dependencies installed to use ArcMenu: https://gitlab.com/arcmenu/ArcMenu/-/wikis/ArcMenu-Dependencies\n\nIf you have an error after upgrading visit: https://gitlab.com/arcmenu/ArcMenu/-/wikis/Error-when-upgrading-ArcMenu-on-extensions.gnome.org\n\nPlease report any issues or concerns at: https://gitlab.com/arcmenu/ArcMenu",
  "extension-id": "arcmenu",
  "gettext-domain": "arcmenu",
  "name": "ArcMenu",
  "settings-schema": "org.gnome.shell.extensions.arcmenu",
  "shell-version": [
    "3.36",
    "3.38"
  ],
  "url": "https://gitlab.com/arcmenu/ArcMenu",
  "uuid": "arcmenu@arcmenu.com",
  "version": 6
}