{
  "_generated": "Generated by SweetTooth, do not edit",
  "author": "Czarlie <leee49@gmail.com>",
  "author-html": "Czarlie &lt;<a href=\"mailto:leee49.7x7@gmail.com\">leee49.7x7@gmail.com</a>&gt;",
  "description": "Fuzzy application search results using Levenshtein edit distance. \n\nBased on the similarly titled extension \u201cGNOME Fuzzy Search\u201d by @fffilo, which uses a different matching method.",
  "description-html": "<a href=\"https://en.wikipedia.org/wiki/Approximate_string_matching\">Fuzzy</a> application search results for <a href=\"https://developer.gnome.org/SearchProvider/\">Gnome Search</a>.",
  "email": "leee49.7x7@gmail.com",
  "gettext-domain": "gnome-fuzzy-app-search",
  "license": "GNU General Public License v3.0",
  "license-html": "This program comes with ABSOLUTELY NO WARRANTY.\nSee the <a href=\"https://www.gnu.org/licenses/gpl-3.0.html\">GNU General Public License v3.0</a> for details.",
  "name": "Fuzzy App Search",
  "original-author": "Franjo Filo <fffilo666@gmail.com>",
  "original-author-html": "Franjo Filo &lt;<a href=\"mailto:fffilo666@gmail.com\">fffilo666@gmail.com</a>&gt;",
  "settings-schema": "org.gnome.shell.extensions.gnome-fuzzy-app-search",
  "shell-version": [
    "3.18",
    "3.20",
    "3.22",
    "3.24",
    "3.26",
    "3.28",
    "3.30",
    "3.34",
    "3.32",
    "3.36"
  ],
  "url": "https://gitlab.com/Czarlie/gnome-fuzzy-app-search",
  "uuid": "gnome-fuzzy-app-search@gnome-shell-extensions.Czarlie.gitlab.com",
  "version": 1
}