{
  "_generated": "Generated by SweetTooth, do not edit",
  "description": "Tray Icons Reloaded is a GNOME Shell extension which bring back Tray Icons to top panel, with additional features.\n\n>>> Read compatibility note on GitHub, also there is bug reporting <<<",
  "name": "Tray Icons: Reloaded",
  "settings-schema": "org.gnome.shell.extensions.trayIconsReloaded",
  "shell-version": [
    "3.38"
  ],
  "url": "https://github.com/MartinPL/Tray-Icons-Reloaded",
  "uuid": "trayIconsReloaded@selfmade.pl",
  "version": 11
}