{
  "_generated": "Generated by SweetTooth, do not edit",
  "description": "Configure custom screen Hot Corners for opening apps, showing the overview, showing the desktop, or running commands. CustomCorner extension fork, compatible with GNOME versions 3.38 or higher, all credits to eccheng. Please report issues here: https://github.com/HenriqueAD7/editcorner/issues",
  "name": "EditCorner",
  "shell-version": [
    "3.38"
  ],
  "url": "https://github.com/HenriqueAD7/editcorner",
  "uuid": "editcorner@henriquead7.github.com",
  "version": 1
}