{
  "_generated": "Generated by SweetTooth, do not edit",
  "description": "Never hide a new mail notification, except if you close it.\n\nVery very light extension. Email clients supported: Thunderbird, Evolution, Geary, Mailspring. Please ask for another email client if needed.\n\nFor a persistent indicator, see: https://extensions.gnome.org/extension/1505/new-mail-indicator .",
  "name": "Persistent Email Notifications",
  "shell-version": [
    "3.36",
    "3.38"
  ],
  "url": "https://github.com/fthx/persistent-email-notifications",
  "uuid": "persistent-email-notifications@fthx",
  "version": 1
}