{
  "_generated": "Generated by SweetTooth, do not edit",
  "description": "Another extension that removes the 0.15 second popup delay in switcher pop-ups. This extension is actively maintained. It fixes at least this known issue: https://gitlab.gnome.org/GNOME/mutter/issues/888.",
  "name": "Remove Alt+Tab Delay v2",
  "shell-version": [
    "3.26",
    "3.28",
    "3.30",
    "3.34",
    "3.32",
    "3.36",
    "3.38"
  ],
  "url": "https://github.com/BjoernDaase/remove-alt-tab-delay",
  "uuid": "remove-alt-tab-delay@daase.net",
  "version": 4
}