<?xml version="1.0" encoding="UTF-8"?>
<schemalist>
    
  <schema id="org.gnome.shell.extensions.just-perfection"
    path="/org/gnome/shell/extensions/just-perfection/">
    
    <key type="b" name="panel">
      <default>true</default>
      <summary>Panel</summary>
      <description>Panel Visibility Status</description>
    </key>
    
    <key type="b" name="background-menu">
      <default>true</default>
      <summary>Background Menu</summary>
      <description>Background Menu Status</description>
    </key>
    
    <key type="b" name="search">
      <default>true</default>
      <summary>Search Box</summary>
      <description>Search Box Visibility Status</description>
    </key>
    
    <key type="b" name="workspace">
      <default>true</default>
      <summary>Workspace Switcher</summary>
      <description>Workspace Switcher Visibility Status</description>
    </key>
    
    <key type="b" name="dash">
      <default>true</default>
      <summary>Dash</summary>
      <description>Dash Visibility Status</description>
    </key>
    
    <key type="b" name="osd">
      <default>true</default>
      <summary>OSD</summary>
      <description>OSD Visibility Status</description>
    </key>
    
    <key type="b" name="workspace-popup">
      <default>true</default>
      <summary>Workspace Popup</summary>
      <description>Workspace Popup Visibility Status</description>
    </key>
    
    <key type="b" name="gesture">
      <default>true</default>
      <summary>Gesture</summary>
      <description>Gesture Status</description>
    </key>
    
    <key type="b" name="hot-corner">
      <default>false</default>
      <summary>Hot Corner</summary>
      <description>Hot Corner Status</description>
    </key>
    
    <key type="b" name="theme">
      <default>true</default>
      <summary>Theme</summary>
      <description>Theme Status</description>
    </key>
    
    <key type="b" name="activities-button">
      <default>true</default>
      <summary>Activities Button</summary>
      <description>Activities Button Visibility Status</description>
    </key>

    <key type="b" name="app-menu">
      <default>true</default>
      <summary>App Menu</summary>
      <description>App Menu Visibility Status</description>
    </key>
    
    <key type="b" name="clock-menu">
      <default>true</default>
      <summary>Clock Menu</summary>
      <description>Clock Menu Visibility Status</description>
    </key>
    
    <key type="b" name="keyboard-layout">
      <default>true</default>
      <summary>Keyboard Layout</summary>
      <description>Keyboard Layout Visibility Status</description>
    </key>
    
    <key type="b" name="accessibility-menu">
      <default>true</default>
      <summary>Accessibility Menu</summary>
      <description>Accessibility Menu Visibility Status</description>
    </key>
    
    <key type="b" name="aggregate-menu">
      <default>true</default>
      <summary>Aggregate Menu</summary>
      <description>Aggregate Menu Visibility Status</description>
    </key>
      
    <key type="b" name="power-icon">
      <default>true</default>
      <summary>Power Icon</summary>
      <description>Power Icon Visibility Status</description>
    </key>
    
    <key type="b" name="window-picker-icon">
      <default>true</default>
      <summary>Window Picker Icon</summary>
      <description>Window Picker Icon Visiblity</description>
    </key>

    <key type="b" name="type-to-search">
      <default>true</default>
      <summary>Type to Search</summary>
      <description>Type to Search Behavior</description>
    </key>
    
    <key type="i" name="panel-corner-size">
      <default>0</default>
      <range min="0" max="61"/>
      <summary>0 means use Shell theme, 1 means no border, 2 - 61 means border size</summary>
      <description>Panel Corner Size</description>
    </key>
    
    <key type="i" name="workspace-switcher-size">
      <default>0</default>
      <range min="0" max="10"/>
      <summary>Workspace Switcher Size in percent, 0 means use default size</summary>
      <description>Workspace Switcher Size</description>
    </key>
      
    <key type="i" name="top-panel-position">
      <default>0</default>
      <range min="0" max="1"/>
      <summary>Top Panel Position</summary>
      <description>Top Panel Position Status</description>
    </key>
    
  </schema>
  
</schemalist>

