{
  "_generated": "Generated by SweetTooth, do not edit",
  "bindings": "org.gnome.shell.extensions.materialshell.bindings",
  "description": "A modern desktop interface for Linux - packaged as an extension for GNOME Shell. Improve your user experience and get rid of the anarchy of traditional desktop workflows. Designed to simplify navigation and reduce the need to manipulate windows in order to improve productivity. It's meant to be 100% predictable and bring the benefits of tools coveted by professionals to everyone.",
  "layouts": "org.gnome.shell.extensions.materialshell.layouts",
  "name": "Material Shell",
  "shell-version": [
    "3.34",
    "3.36",
    "3.38"
  ],
  "theme": "org.gnome.shell.extensions.materialshell.theme",
  "tweaks": "org.gnome.shell.extensions.materialshell.tweaks",
  "url": "https://material-shell.com",
  "uuid": "material-shell@papyelgringo",
  "version": 12
}