{
  "_generated": "Generated by SweetTooth, do not edit",
  "description": "Unblank lock screen. \n\n After you install this extension, the extension will be enabled by default. If you want to disable this extension, you need to delete this extension or go to this extension settings to turn off switch.",
  "name": "Unblank lock screen",
  "original-authors": "sun.wxg@gmail.com",
  "shell-version": [
    "3.36",
    "3.38"
  ],
  "url": "https://github.com/sunwxg/gnome-shell-extension-unblank",
  "uuid": "unblank@sun.wxg@gmail.com",
  "version": 20
}