<?xml version="1.0" encoding="UTF-8"?>
<schemalist>
	<schema id="org.gnome.shell.extensions.tiling-assistant" path="/org/gnome/shell/extensions/tiling-assistant/">
		<key name="enable-dash" type="b">
			<default>true</default>
		</key>
		
		<key name="icon-size" type="i">
			<default>96</default>
		</key>

		<key name="icon-margin" type="i">
			<default>25</default>
		</key>

		<key name="use-anim" type="b">
			<default>true</default>
		</key>

		<key name="tile-maximize" type="as">
			<default>[]</default>
		</key>

		<key name="tile-top-half" type="as">
			<default>[]</default>
		</key>

		<key name="tile-right-half" type="as">
			<default>[]</default>
		</key>

		<key name="tile-left-half" type="as">
			<default>[]</default>
		</key>

		<key name="tile-bottom-half" type="as">
			<default>[]</default>
		</key>

		<key name="tile-topleft-quarter" type="as">
			<default>[]</default>
		</key>

		<key name="tile-topright-quarter" type="as">
			<default>[]</default>
		</key>

		<key name="tile-bottomleft-quarter" type="as">
			<default>[]</default>
		</key>

		<key name="tile-bottomright-quarter" type="as">
			<default>[]</default>
		</key>

		<key name="tile-empty-space" type="as">
			<default>[]</default>
		</key>

		<key name="replace-window" type="as">
			<default>[]</default>
		</key>

		<key name="toggle-dash" type="as">
			<default>[]</default>
		</key>

		<key name="window-gaps" type="i">
			<default>0</default>
		</key>

		<key name="layout1" type="as">
			<default>[]</default>
		</key>

		<key name="layout2" type="as">
			<default>[]</default>
		</key>

		<key name="layout3" type="as">
			<default>[]</default>
		</key>

		<key name="layout4" type="as">
			<default>[]</default>
		</key>

		<key name="layout5" type="as">
			<default>[]</default>
		</key>

		<key name="layout6" type="as">
			<default>[]</default>
		</key>

		<key name="layout7" type="as">
			<default>[]</default>
		</key>

		<key name="layout8" type="as">
			<default>[]</default>
		</key>

		<key name="layout9" type="as">
			<default>[]</default>
		</key>

		<key name="layout10" type="as">
			<default>[]</default>
		</key>
	</schema>
</schemalist>
