{
  "_generated": "Generated by SweetTooth, do not edit",
  "description": "This extension allows you to do the following:\n\n# Disable\n\n- OSD\n- Search\n- Dash\n- Workspace Switcher\n- Workspace Popup\n- Top Panel\n- App gesture\n- Background Menu\n- Activities button\n- App Menu\n- Clock Menu\n- Keyboard Layout\n- Accessibility Menu\n- System Menu (Aggregate Menu)\n- Power Icon\n- Window Picker Icon (Only GNOME 40.0)\n\n# Behavior\n\n- Disable Type to Search\n\n# Customize\n\n- Panel Position\n- Top Panel Round Corner Size\n- Workspace Switcher Size (Only GNOME 40.0)\n\n# Override\n\n- GNOME shell theme (You don't need to have user-theme-extension)",
  "gettext-domain": "just-perfection",
  "name": "Just Perfection",
  "schema-id": "org.gnome.shell.extensions.just-perfection",
  "shell-version": [
    "3.36",
    "3.38",
    "40.0",
    "40.beta"
  ],
  "url": "https://gitlab.com/justperfection.channel/just-perfection-gnome-shell-desktop",
  "uuid": "just-perfection-desktop@just-perfection",
  "version": 9
}