{
  "_generated": "Generated by SweetTooth, do not edit",
  "description": "Adds your user avatar and name to the menu panel. Big thanks to: db0x and 'I like 'em curvy' extension developer\n\nSupported Shell versions: 3.36 and 3.38",
  "extension-id": "big-avatar",
  "name": "Big Avatar",
  "settings-schema": "org.gnome.shell.extensions.big-avatar",
  "shell-version": [
    "3.36",
    "3.38"
  ],
  "url": "https://github.com/GustavoPeredo/Big-Avatar-Gnome-Shell-Extension",
  "uuid": "big-avatar@gustavoperedo.org",
  "version": 6
}